dashboard_id,candidate_id,name,width,height,area,aspect_ratio,child_count,text_count,numeric_text_count,text_density,numeric_density,vector_count,line_count,ellipse_count,rectangle_count,graphical_count,has_percentage,has_date_text,has_chart_word,has_table_word,has_kpi_word,has_filter_word
dashboard_01,12:4,healthcare-dashboard,1440.0,1419.0,2043360.0,1.014799154334038,363,107,40,0.29476584022038566,0.37383177570093457,16,44,7,26,67,1,1,0,0,0,0
dashboard_02,42:16,Overview,1440.0,1024.0,1474560.0,1.40625,325,111,50,0.3415384615384615,0.45045045045045046,101,7,8,23,116,0,1,0,0,0,0
dashboard_03,46:20,Medical Dashboard Design,1916.0,1377.0,2638332.0,1.3914306463326072,252,56,17,0.2222222222222222,0.30357142857142855,62,0,13,19,75,1,0,0,0,0,0
dashboard_04,1:2,Medical Dashboard,1920.0,1605.8125,3083160.0,1.195656404468143,991,272,104,0.27447023208879917,0.38235294117647056,194,0,0,75,194,1,0,0,0,0,0
dashboard_05,20:4841,Frame 606,1440.0,1024.0,1474560.0,1.40625,354,72,23,0.2033898305084746,0.3194444444444444,114,0,7,44,121,1,1,0,0,0,0
dashboard_05,52:2618,Frame 1267,1440.0,1024.0,1474560.0,1.40625,644,115,43,0.17857142857142858,0.3739130434782609,210,0,3,63,213,0,0,0,0,0,0
dashboard_06,1:2,Patient-Dashboard Overview Light Theme,1395.350830078125,984.669921875,1373959.9928412437,1.417074695874847,1185,134,24,0.11308016877637131,0.1791044776119403,821,16,48,72,885,1,0,0,0,0,0
dashboard_07,1:2,Additional Dashboard Components-Light Theme,1368.7337646484375,1609.29931640625,2202702.3117908835,0.8505153458369553,438,46,16,0.1050228310502283,0.34782608695652173,326,24,7,15,357,1,0,0,0,0,0
dashboard_08,1:3,01 dashboard - landing page,1280.0,720.0,921600.0,1.7777777777777777,215,61,18,0.2837209302325581,0.29508196721311475,49,7,4,31,60,0,1,0,0,0,0
dashboard_09,1:3,13 configurations,1280.0,720.0,921600.0,1.7777777777777777,152,48,7,0.3157894736842105,0.14583333333333334,38,7,4,20,49,0,0,0,0,0,0
