dashboard_id,candidate_id,width,height,area,aspect_ratio,child_count,text_count,numeric_text_count,text_density,numeric_density,vector_count,line_count,ellipse_count,rectangle_count,graphical_count,has_percentage,has_date_text,has_chart_word,has_table_word,has_kpi_word,has_filter_word,label
dashboard_01,12:54,267.0,160.0,42720.0,1.66875,3,4,2,1.3333333333333333,0.5,2,7,0,0,9,1,0,0,0,1,0,KPI_CARD
dashboard_01,12:199,646.0,319.0,206074.0,2.025078369905956,2,17,11,8.5,0.6470588235294118,0,0,0,5,0,1,0,0,0,0,0,CHART
dashboard_01,12:75,267.0,160.0,42720.0,1.66875,3,4,2,1.3333333333333333,0.5,2,7,0,0,9,1,0,0,0,1,0,KPI_CARD
dashboard_01,12:96,267.0,160.0,42720.0,1.66875,3,4,2,1.3333333333333333,0.5,2,7,0,0,9,1,0,0,0,1,0,KPI_CARD
dashboard_01,12:249,450.0,267.0,120150.0,1.6853932584269662,2,14,11,7.0,0.7857142857142857,0,0,5,5,5,1,0,1,0,0,0,CHART
dashboard_01,12:117,267.0,160.0,42720.0,1.66875,3,4,2,1.3333333333333333,0.5,2,7,0,0,9,1,0,0,0,1,0,KPI_CARD
dashboard_01,12:293,1116.0,276.0,308016.0,4.043478260869565,5,25,4,5.0,0.16,0,0,0,4,0,0,1,0,1,0,0,TABLE
dashboard_01,12:138,1116.0,359.0,400644.0,3.1086350974930363,2,20,6,10.0,0.3,0,16,2,11,18,0,1,0,0,0,0,CHART
dashboard_02,42:106,162.0,99.0,16038.0,1.6363636363636365,4,2,1,0.5,0.5,4,0,0,2,4,0,0,0,0,0,0,KPI_CARD
dashboard_02,42:119,162.0,99.0,16038.0,1.6363636363636365,4,2,1,0.5,0.5,10,0,0,2,10,0,0,0,0,0,0,KPI_CARD
dashboard_02,42:135,162.0,99.0,16038.0,1.6363636363636365,4,2,1,0.5,0.5,7,0,0,1,7,0,0,0,0,0,0,KPI_CARD
dashboard_02,42:147,162.0,99.0,16038.0,1.6363636363636365,4,2,1,0.5,0.5,8,0,0,1,8,0,0,0,0,0,0,KPI_CARD
dashboard_02,42:160,738.0,354.0,261252.0,2.0847457627118646,10,23,6,2.3,0.2608695652173913,4,5,4,3,13,0,1,0,0,0,0,CHART
dashboard_02,42:259,316.0,462.0,145992.0,0.683982683982684,15,11,7,0.7333333333333333,0.6363636363636364,6,1,4,0,11,0,0,0,0,0,0,OTHER
dashboard_02,42:289,738.0,336.0,247968.0,2.196428571428572,15,22,4,1.4666666666666666,0.1818181818181818,16,0,0,5,16,0,1,0,0,0,0,TABLE
dashboard_03,29:9,267.0,185.0,49395.0,1.4432432432432432,7,5,4,0.7142857142857143,0.8,8,0,0,1,8,1,0,0,0,0,0,KPI_CARD
dashboard_03,32:10,267.0,185.0,49395.0,1.4432432432432432,7,5,4,0.7142857142857143,0.8,6,0,0,2,6,1,0,0,0,0,0,KPI_CARD
dashboard_03,40:62,130.0,133.0,17290.0,0.9774436090225564,4,2,1,0.5,0.5,1,0,0,1,1,0,0,0,0,0,0,KPI_CARD
dashboard_03,40:69,130.0,133.0,17290.0,0.9774436090225564,4,2,1,0.5,0.5,1,0,0,1,1,0,0,0,0,0,0,KPI_CARD
dashboard_03,32:40,267.0,185.0,49395.0,1.4432432432432432,11,9,0,0.8181818181818182,0.0,2,0,2,1,4,0,0,0,0,0,0,KPI_CARD
dashboard_03,35:80,267.0,185.0,49395.0,1.4432432432432432,5,2,0,0.4,0.0,8,0,2,1,10,0,0,0,0,0,0,KPI_CARD
dashboard_03,45:114,392.0,283.0,110936.0,1.3851590106007068,5,7,4,1.4,0.5714285714285714,0,0,6,1,6,1,0,0,0,0,0,CHART
dashboard_03,45:113,770.0,120.0,92400.0,6.416666666666667,3,2,0,0.6666666666666666,0.0,0,0,0,1,0,0,0,0,0,0,0,OTHER
dashboard_04,1:17,395.5,158.5,62686.75,2.495268138801262,1,2,1,2.0,0.5,0,0,0,1,0,0,0,0,0,0,0,KPI_CARD
dashboard_04,1:24,395.5,158.5,62686.75,2.495268138801262,1,2,1,2.0,0.5,0,0,0,1,0,0,0,0,0,0,0,KPI_CARD
dashboard_04,1:45,812.0,336.625,273339.5,2.4121797252135164,2,23,7,11.5,0.3043478260869565,32,0,0,0,32,0,1,0,0,0,0,CHART
dashboard_04,1:124,534.328125,448.5,239646.1640625,1.1913670568561874,3,22,10,7.333333333333333,0.4545454545454545,32,0,0,0,32,1,1,0,0,0,0,CHART
dashboard_04,1:209,534.328125,448.5,239646.1640625,1.1913670568561874,3,39,34,13.0,0.8717948717948718,56,0,0,0,56,1,0,0,1,0,0,CHART
dashboard_04,1:382,534.328125,448.5,239646.1640625,1.1913670568561874,3,24,11,8.0,0.4583333333333333,31,0,0,0,31,1,1,0,0,0,0,CHART
dashboard_04,1:31,395.5,158.5,62686.75,2.495268138801262,1,2,1,2.0,0.5,0,0,0,1,0,0,0,0,0,0,0,KPI_CARD
dashboard_04,1:38,395.5,158.5,62686.75,2.495268138801262,1,2,1,2.0,0.5,0,0,0,1,0,0,0,0,0,0,0,KPI_CARD
dashboard_04,1:469,1645.0,522.421875,859383.984375,3.148796171676387,2,75,24,37.5,0.32,0,0,0,0,0,0,1,0,1,0,0,TABLE
dashboard_05,52:2618,1440.0,1024.0,1474560.0,1.40625,21,115,43,5.476190476190476,0.3739130434782609,210,0,3,63,213,0,0,0,0,0,0,TABLE
dashboard_05,72:1474,815.0,394.0,321110.0,2.068527918781726,5,16,7,3.2,0.4375,7,0,0,16,7,0,1,0,0,0,0,CHART
dashboard_05,42:1661,193.33511352539065,197.00003051757807,38087.02326462138,0.9813963633276672,2,2,1,1.0,0.5,3,0,4,0,7,1,0,0,0,0,0,CHART
dashboard_06,1:754,240.1205291748047,204.09005737304688,49006.212575732265,1.1765420239747366,18,9,1,0.5,0.1111111111111111,11,0,5,5,16,0,0,0,0,0,0,CHART
dashboard_06,1:818,240.1205291748047,204.09005737304688,49006.212575732265,1.1765420239747366,18,11,4,0.6111111111111112,0.3636363636363636,10,0,3,5,13,1,0,0,0,0,0,KPI_CARD
dashboard_06,1:794,240.12060546875,204.09005737304688,49006.22814656794,1.1765423977996368,21,10,1,0.4761904761904761,0.1,4,0,0,8,4,1,1,0,0,0,0,KPI_CARD
dashboard_06,1:899,323.3956298828125,825.9635620117188,267113.00639703125,0.39153740522784,89,44,8,0.4943820224719101,0.1818181818181818,25,4,21,40,50,0,1,0,0,0,0,CHART
dashboard_06,1:857,240.1205291748047,288.5319519042969,69282.44497509906,0.8322146909207832,22,6,0,0.2727272727272727,0.0,5,0,10,1,15,0,0,0,0,0,0,CHART
dashboard_06,1:20,499.5789184570313,286.5412902832031,143149.98789296483,1.7434796847716862,26,16,5,0.6153846153846154,0.3125,697,7,0,1,704,0,0,0,0,0,0,CHART
dashboard_06,1:1058,759.037353515625,288.5319519042969,219006.5291781351,2.6306873415786893,48,23,3,0.4791666666666667,0.1304347826086956,21,2,6,7,29,0,0,0,0,0,0,CHART
dashboard_07,1:5,240.1205291748047,244.09005737304688,58611.03374272445,0.9837374441181128,7,3,1,0.4285714285714285,0.3333333333333333,8,0,0,2,8,1,0,0,0,0,0,KPI_CARD
dashboard_07,1:22,240.1205291748047,244.09005737304688,58611.03374272445,0.9837374441181128,6,3,1,0.5,0.3333333333333333,1,0,2,0,3,1,0,0,0,0,0,KPI_CARD
dashboard_07,1:29,240.1205291748047,244.09005737304688,58611.03374272445,0.9837374441181128,7,3,1,0.4285714285714285,0.3333333333333333,5,0,0,0,5,1,0,0,0,0,0,KPI_CARD
dashboard_07,1:39,240.1205291748047,244.09005737304688,58611.03374272445,0.9837374441181128,6,3,1,0.5,0.3333333333333333,3,0,0,0,3,1,0,0,0,0,0,KPI_CARD
dashboard_07,1:46,240.1205291748047,244.09005737304688,58611.03374272445,0.9837374441181128,5,3,1,0.6,0.3333333333333333,2,0,0,0,2,0,0,0,0,0,0,KPI_CARD
dashboard_07,1:52,607.4613647460938,438.22509765625,266204.81588825583,1.3861857022680044,7,3,1,0.4285714285714285,0.3333333333333333,4,0,0,0,4,0,0,0,0,0,0,CHART
dashboard_07,1:60,285.3862609863281,437.22509765625,124778.03582949936,0.6527215901286187,9,7,0,0.7777777777777778,0.0,1,0,0,12,1,0,1,0,0,0,0,CHART
dashboard_07,1:89,390.6407470703125,437.22509765625,170797.93878632784,0.8934545367234099,3,12,10,4.0,0.8333333333333334,4,0,3,0,7,0,0,0,0,0,0,CHART
dashboard_07,1:110,464.3286437988281,683.2890625,317270.6837131977,0.6795493580710259,16,6,0,0.375,0.0,287,1,2,1,290,0,0,0,0,0,0,OTHER
dashboard_07,1:409,869.4083251953125,437.2780151367188,380173.1467847452,1.9882278438432,4,1,0,0.25,0.0,5,23,0,0,28,0,0,0,0,0,0,CHART
dashboard_08,1:106,212.0,152.0,32224.0,1.394736842105263,6,3,0,0.5,0.0,4,0,0,2,4,0,0,0,0,0,0,KPI_CARD
dashboard_08,1:171,212.0,152.0,32224.0,1.394736842105263,6,4,2,0.6666666666666666,0.5,5,0,0,2,5,0,1,0,0,0,0,KPI_CARD
dashboard_08,1:190,212.0,152.0,32224.0,1.394736842105263,6,3,1,0.5,0.3333333333333333,5,0,0,2,5,0,0,0,0,0,0,KPI_CARD
dashboard_08,1:207,212.0,152.0,32224.0,1.394736842105263,6,3,1,0.5,0.3333333333333333,3,0,0,2,3,0,0,0,0,0,0,KPI_CARD
dashboard_08,1:119,456.0,140.0,63840.0,3.257142857142857,8,6,2,0.75,0.3333333333333333,2,1,0,1,3,0,0,0,0,0,0,KPI_CARD
dashboard_08,1:145,456.0,140.0,63840.0,3.257142857142857,8,6,3,0.75,0.5,1,1,0,1,2,0,0,0,0,0,0,KPI_CARD
dashboard_08,1:132,456.0,140.0,63840.0,3.257142857142857,8,6,2,0.75,0.3333333333333333,2,1,0,1,3,0,0,0,0,0,0,KPI_CARD
dashboard_08,1:157,456.0,140.0,63840.0,3.257142857142857,8,6,1,0.75,0.1666666666666666,2,1,0,1,3,0,0,0,0,0,0,KPI_CARD
